DEN,DEN @ MIN,11/21/2018,W,48,103,42,89,47.2,14,35,40,5,6,83.3,9,31,40,29,14,12,4,22,2
LAL,LAL @ CLE,11/21/2018,W,48,109,40,78,51.3,9,25,36,20,28,71.4,7,44,51,23,15,2,9,20,4
HOU,HOU vs. DET,11/21/2018,W,48,126,40,72,55.6,13,33,39.4,33,36,91.7,5,31,36,18,15,8,7,25,2
MEM,MEM @ SAS,11/21/2018,W,48,104,39,81,48.1,8,25,32,18,21,85.7,4,36,40,21,9,4,6,25,1
UTA,UTA vs. SAC,11/21/2018,L,48,110,38,88,43.2,12,39,30.8,22,31,71,12,34,46,21,10,7,7,21,-9
PHI,PHI vs. NOP,11/21/2018,W,48,121,44,98,44.9,10,29,34.5,23,26,88.5,11,36,47,27,16,7,7,26,1
NOP,NOP @ PHI,11/21/2018,L,48,120,42,98,42.9,11,30,36.7,25,33,75.8,20,34,54,24,15,8,8,21,-1
BOS,BOS vs. NYK,11/21/2018,L,48,109,38,97,39.2,10,33,30.3,23,32,71.9,15,35,50,30,8,10,9,16,-8
ATL,ATL vs. TOR,11/21/2018,L,48,108,42,93,45.2,10,36,27.8,14,18,77.8,9,25,34,24,9,10,7,21,-16
TOR,TOR @ ATL,11/21/2018,W,48,124,48,90,53.3,11,29,37.9,17,23,73.9,14,41,55,33,19,6,1,21,16
SAS,SAS vs. MEM,11/21/2018,L,48,103,35,81,43.2,7,22,31.8,26,30,86.7,9,33,42,21,9,4,5,20,-1
IND,IND @ CHA,11/21/2018,L,48,109,41,84,48.8,11,33,33.3,16,17,94.1,10,27,37,26,14,5,7,19,-18
OKC,OKC @ GSW,11/21/2018,W,48,123,51,106,48.1,13,35,37.1,8,15,53.3,18,43,61,29,10,10,5,23,28
PHX,PHX @ CHI,11/21/2018,L,48,116,48,98,49,10,34,29.4,10,10,100,6,30,36,28,13,9,5,20,-8
DAL,DAL vs. BKN,11/21/2018,W,48,119,38,78,48.7,11,27,40.7,32,41,78,8,37,45,21,13,10,4,20,6
MIN,MIN vs. DEN,11/21/2018,L,48,101,35,79,44.3,9,32,28.1,22,26,84.6,8,32,40,24,18,8,3,15,-2
DET,DET @ HOU,11/21/2018,L,48,124,40,85,47.1,16,34,47.1,28,37,75.7,15,22,37,20,16,8,1,26,-2
CLE,CLE vs. LAL,11/21/2018,L,48,105,39,102,38.2,13,34,38.2,14,15,93.3,15,31,46,18,3,3,2,22,-4
GSW,GSW vs. OKC,11/21/2018,L,48,95,36,83,43.4,7,29,24.1,16,24,66.7,7,35,42,24,17,7,10,18,-28
CHA,CHA vs. IND,11/21/2018,W,48,127,45,80,56.3,18,29,62.1,19,22,86.4,6,30,36,30,12,7,3,15,18
CHI,CHI vs. PHX,11/21/2018,W,48,124,46,81,56.8,11,25,44,21,24,87.5,4,35,39,28,17,8,2,19,8
POR,POR @ MIL,11/21/2018,L,48,100,34,94,36.2,9,42,21.4,23,28,82.1,10,30,40,13,17,8,6,20,-43
NYK,NYK @ BOS,11/21/2018,W,48,117,44,89,49.4,15,30,50,14,17,82.4,9,40,49,25,17,3,11,24,8
SAC,SAC @ UTA,11/21/2018,W,48,119,47,89,52.8,11,25,44,14,19,73.7,8,40,48,27,11,5,4,30,9
MIL,MIL vs. POR,11/21/2018,W,48,143,57,108,52.8,15,45,33.3,14,17,82.4,13,46,59,34,14,8,3,23,43
BKN,BKN @ DAL,11/21/2018,L,48,113,42,94,44.7,14,42,33.3,15,21,71.4,16,26,42,23,14,8,2,31,-6
ORL,ORL vs. TOR,11/20/2018,L,48,91,34,84,40.5,8,30,26.7,15,19,78.9,11,38,49,24,14,5,4,11,-2
LAC,LAC @ WAS,11/20/2018,L,48,118,46,89,51.7,11,27,40.7,15,18,83.3,7,37,44,20,19,6,4,28,-7
TOR,TOR @ ORL,11/20/2018,W,48,93,39,87,44.8,9,34,26.5,6,8,75,6,37,43,23,16,7,5,19,2
NYK,NYK vs. POR,11/20/2018,L,48,114,42,83,50.6,13,29,44.8,17,22,77.3,10,32,42,22,15,8,5,15,-4
MIA,MIA vs. BKN,11/20/2018,L,48,92,36,100,36,7,32,21.9,13,20,65,18,34,52,18,14,5,6,24,-12
POR,POR @ NYK,11/20/2018,W,48,118,45,95,47.4,16,35,45.7,12,17,70.6,14,29,43,25,12,8,4,19,4
BKN,BKN @ MIA,11/20/2018,W,48,104,38,88,43.2,8,31,25.8,20,26,76.9,13,40,53,17,12,6,4,21,12
WAS,WAS vs. LAC,11/20/2018,W,48,125,40,93,43,13,39,33.3,32,39,82.1,11,33,44,27,7,11,8,20,7
OKC,OKC @ SAC,11/19/2018,L,48,113,45,108,41.7,12,41,29.3,11,16,68.8,13,40,53,22,13,8,3,22,-4
PHX,PHX @ PHI,11/19/2018,L,48,114,44,87,50.6,13,33,39.4,13,24,54.2,5,26,31,25,13,9,4,34,-5
BOS,BOS @ CHA,11/19/2018,L,48,112,45,89,50.6,9,32,28.1,13,18,72.2,8,33,41,31,12,9,6,22,-5
MEM,MEM vs. DAL,11/19/2018,W,48,98,37,79,46.8,12,30,40,12,14,85.7,5,40,45,29,16,8,11,21,10
DEN,DEN @ MIL,11/19/2018,L,48,98,40,94,42.6,12,41,29.3,6,9,66.7,13,30,43,30,18,6,4,20,-6
LAC,LAC @ ATL,11/19/2018,W,48,127,40,93,43,10,33,30.3,37,47,78.7,15,37,52,24,15,9,8,22,8
UTA,UTA @ IND,11/19/2018,L,48,94,36,74,48.6,11,25,44,11,16,68.8,3,33,36,26,19,6,10,18,-27
DET,DET vs. CLE,11/19/2018,W,48,113,41,89,46.1,13,38,34.2,18,19,94.7,13,37,50,26,12,5,4,27,11
ATL,ATL vs. LAC,11/19/2018,L,48,119,45,101,44.6,12,38,31.6,17,19,89.5,16,35,51,29,16,6,6,38,-8
MIL,MIL vs. DEN,11/19/2018,W,48,104,40,88,45.5,11,36,30.6,13,22,59.1,13,38,51,21,18,8,3,16,6
IND,IND vs. UTA,11/19/2018,W,48,121,49,93,52.7,12,25,48,11,17,64.7,11,33,44,35,9,13,3,17,27
PHI,PHI vs. PHX,11/19/2018,W,48,119,41,84,48.8,6,22,27.3,31,42,73.8,13,40,53,24,19,8,1,27,5
SAS,SAS @ NOP,11/19/2018,L,48,126,45,94,47.9,12,24,50,24,30,80,18,26,44,22,15,7,0,20,-14
CHA,CHA vs. BOS,11/19/2018,W,48,117,43,89,48.3,15,41,36.6,16,22,72.7,8,36,44,18,14,5,3,16,5
DAL,DAL @ MEM,11/19/2018,L,48,88,30,88,34.1,10,32,31.3,18,21,85.7,7,36,43,17,11,8,4,19,-10
SAC,SAC vs. OKC,11/19/2018,W,48,117,45,102,44.1,16,38,42.1,11,17,64.7,14,45,59,29,15,7,4,18,4
NOP,NOP vs. SAS,11/19/2018,W,48,140,59,102,57.8,10,26,38.5,12,14,85.7,14,28,42,34,11,10,5,23,14
CLE,CLE @ DET,11/19/2018,L,48,102,35,79,44.3,8,21,38.1,24,34,70.6,11,25,36,16,10,8,3,22,-11
SAS,SAS vs. GSW,11/18/2018,W,48,104,41,92,44.6,10,24,41.7,12,17,70.6,11,37,48,24,11,3,5,18,12
LAL,LAL @ MIA,11/18/2018,W,48,113,42,95,44.2,11,27,40.7,18,21,85.7,14,36,50,16,10,7,5,19,16
MEM,MEM @ MIN,11/18/2018,W,48,100,35,82,42.7,12,28,42.9,18,25,72,10,33,43,26,12,11,9,20,13
ORL,ORL vs. NYK,11/18/2018,W,48,131,48,84,57.1,13,32,40.6,22,26,84.6,7,28,35,35,17,5,6,26,14
POR,POR @ WAS,11/18/2018,W,48,119,39,86,45.3,11,30,36.7,30,35,85.7,9,43,52,26,15,4,3,25,10
NYK,NYK @ ORL,11/18/2018,L,48,117,40,87,46,8,24,33.3,29,35,82.9,17,25,42,12,14,7,2,26,-14
MIN,MIN vs. MEM,11/18/2018,L,48,87,31,80,38.8,12,29,41.4,13,16,81.3,10,39,49,20,20,8,3,20,-13
GSW,GSW @ SAS,11/18/2018,L,48,92,35,86,40.7,5,26,19.2,17,21,81,10,36,46,20,12,6,4,17,-12
MIA,MIA vs. LAL,11/18/2018,L,48,97,35,87,40.2,13,32,40.6,14,19,73.7,12,36,48,20,14,3,5,21,-16
WAS,WAS vs. POR,11/18/2018,L,48,109,43,96,44.8,13,32,40.6,10,21,47.6,9,34,43,28,12,4,9,30,-10
LAL,LAL @ ORL,11/17/2018,L,48,117,43,90,47.8,10,30,33.3,21,25,84,8,33,41,22,14,5,6,20,-13
BOS,BOS vs. UTA,11/17/2018,L,48,86,35,91,38.5,5,33,15.2,11,20,55,17,34,51,16,14,11,4,22,-12
PHI,PHI @ CHA,11/17/2018,W,53,122,39,93,41.9,11,35,31.4,33,38,86.8,9,44,53,23,19,9,6,24,3
DAL,DAL vs. GSW,11/17/2018,W,48,112,40,86,46.5,10,34,29.4,22,34,64.7,8,38,46,18,10,6,5,18,3
ORL,ORL vs. LAL,11/17/2018,W,48,130,50,93,53.8,11,32,34.4,19,23,82.6,11,30,41,28,13,5,8,23,13
DEN,DEN @ NOP,11/17/2018,L,48,115,46,95,48.4,15,39,38.5,8,13,61.5,10,33,43,30,13,5,6,23,-10
PHX,PHX vs. OKC,11/17/2018,L,48,100,37,82,45.1,12,29,41.4,14,21,66.7,4,27,31,25,15,14,6,28,-10
SAC,SAC @ HOU,11/17/2018,L,48,112,46,102,45.1,11,35,31.4,9,12,75,13,26,39,23,14,10,3,21,-20
BKN,BKN vs. LAC,11/17/2018,L,48,119,40,88,45.5,13,28,46.4,26,34,76.5,15,32,47,25,11,4,5,22,-8
NOP,NOP vs. DEN,11/17/2018,W,48,125,42,87,48.3,10,25,40,31,34,91.2,10,36,46,29,11,6,8,18,10
ATL,ATL @ IND,11/17/2018,L,48,89,31,87,35.6,8,29,27.6,19,27,70.4,5,36,41,20,18,15,6,24,-8
UTA,UTA @ BOS,11/17/2018,W,48,98,35,78,44.9,11,38,28.9,17,27,63,7,39,46,23,15,11,4,23,12
OKC,OKC @ PHX,11/17/2018,W,48,110,38,85,44.7,7,24,29.2,27,32,84.4,14,38,52,17,18,9,7,20,10
TOR,TOR @ CHI,11/17/2018,W,48,122,48,89,53.9,14,35,40,12,13,92.3,8,46,54,31,23,14,10,24,39
HOU,HOU vs. SAC,11/17/2018,W,48,132,46,81,56.8,20,47,42.6,20,24,83.3,6,35,41,27,22,9,10,20,20
LAC,LAC @ BKN,11/17/2018,W,48,127,48,95,50.5,11,23,47.8,20,24,83.3,9,29,38,23,8,4,1,25,8
GSW,GSW @ DAL,11/17/2018,L,48,109,42,94,44.7,9,33,27.3,16,17,94.1,12,35,47,24,12,6,6,27,-3
CHI,CHI vs. TOR,11/17/2018,L,48,83,30,86,34.9,8,27,29.6,15,21,71.4,7,27,34,21,22,13,3,19,-39
IND,IND vs. ATL,11/17/2018,W,48,97,35,87,40.2,12,30,40,15,21,71.4,10,43,53,25,24,11,6,26,8
CHA,CHA vs. PHI,11/17/2018,L,53,119,42,99,42.4,10,31,32.3,25,27,92.6,9,40,49,23,18,10,3,29,-3
POR,POR @ MIN,11/16/2018,L,48,96,37,88,42,8,29,27.6,14,20,70,11,37,48,16,18,6,1,14,-16
IND,IND vs. MIA,11/16/2018,W,48,99,36,81,44.4,14,27,51.9,13,15,86.7,4,43,47,22,19,10,6,14,8
BKN,BKN @ WAS,11/16/2018,W,48,115,38,90,42.2,9,33,27.3,30,38,78.9,13,34,47,19,12,8,3,24,11
NOP,NOP vs. NYK,11/16/2018,W,48,129,48,99,48.5,10,34,29.4,23,32,71.9,11,43,54,27,15,5,5,25,5
MEM,MEM vs. SAC,11/16/2018,W,48,112,43,85,50.6,11,25,44,15,24,62.5,9,31,40,24,16,11,5,23,8
PHI,PHI vs. UTA,11/16/2018,W,48,113,41,82,50,11,23,47.8,20,32,62.5,10,31,41,25,17,7,5,27,6
CHI,CHI @ MIL,11/16/2018,L,48,104,41,94,43.6,13,33,39.4,9,13,69.2,4,32,36,22,12,8,3,15,-19
BOS,BOS vs. TOR,11/16/2018,W,53,123,47,89,52.8,9,26,34.6,20,24,83.3,9,37,46,25,18,9,6,23,7
NYK,NYK @ NOP,11/16/2018,L,48,124,48,98,49,11,34,32.4,17,24,70.8,12,32,44,15,13,10,6,31,-5
WAS,WAS vs. BKN,11/16/2018,L,48,104,37,87,42.5,3,18,16.7,27,34,79.4,12,35,47,18,13,5,4,23,-11
SAC,SAC @ MEM,11/16/2018,L,48,104,37,80,46.3,12,33,36.4,18,24,75,9,33,42,23,21,9,2,24,-8
MIA,MIA @ IND,11/16/2018,L,48,91,35,93,37.6,14,36,38.9,7,10,70,13,38,51,21,18,10,5,16,-8
TOR,TOR @ BOS,11/16/2018,L,53,116,42,97,43.3,8,29,27.6,24,29,82.8,11,32,43,20,14,12,4,23,-7
MIN,MIN vs. POR,11/16/2018,W,48,112,46,92,50,12,28,42.9,8,11,72.7,9,34,43,28,12,11,4,16,16
MIL,MIL vs. CHI,11/16/2018,W,48,123,47,93,50.5,18,43,41.9,11,17,64.7,11,44,55,28,17,8,8,14,19
UTA,UTA @ PHI,11/16/2018,L,48,107,41,88,46.6,4,22,18.2,21,37,56.8,10,29,39,15,13,10,4,25,-6
LAC,LAC vs. SAS,11/15/2018,W,48,116,40,85,47.1,8,23,34.8,28,35,80,9,41,50,23,12,2,3,25,5
DEN,DEN vs. ATL,11/15/2018,W,48,138,53,94,56.4,13,31,41.9,19,25,76,11,45,56,34,15,12,6,24,45
HOU,HOU vs. GSW,11/15/2018,W,48,107,35,87,40.2,16,47,34,21,26,80.8,14,27,41,20,8,8,4,21,21
SAS,SAS @ LAC,11/15/2018,L,48,111,41,103,39.8,9,29,31,20,25,80,15,30,45,19,5,7,6,24,-5
GSW,GSW @ HOU,11/15/2018,L,48,86,32,76,42.1,4,18,22.2,18,22,81.8,12,32,44,18,17,2,5,24,-21
ATL,ATL @ DEN,11/15/2018,L,48,93,32,92,34.8,9,42,21.4,20,27,74.1,15,28,43,20,19,7,5,22,-45
NOP,NOP @ MIN,11/14/2018,L,48,100,40,94,42.6,9,28,32.1,11,18,61.1,10,36,46,25,18,7,6,21,-7
CHI,CHI @ BOS,11/14/2018,L,48,82,33,84,39.3,7,23,30.4,9,9,100,7,40,47,16,22,8,3,16,-29
LAL,LAL vs. POR,11/14/2018,W,48,126,44,93,47.3,15,32,46.9,23,26,88.5,11,37,48,25,13,11,6,18,9
PHI,PHI @ ORL,11/14/2018,L,48,106,41,86,47.7,14,29,48.3,10,15,66.7,10,31,41,32,15,2,3,21,-5
UTA,UTA @ DAL,11/14/2018,L,48,68,25,81,30.9,6,35,17.1,12,19,63.2,8,25,33,16,22,11,3,21,-50
NYK,NYK @ OKC,11/14/2018,L,48,103,39,88,44.3,7,26,26.9,18,23,78.3,9,27,36,18,18,8,8,17,-25
MIL,MIL vs. MEM,11/14/2018,L,48,113,41,81,50.6,9,35,25.7,22,27,81.5,9,35,44,22,16,5,8,22,-3
TOR,TOR vs. DET,11/14/2018,L,48,104,45,92,48.9,4,20,20,10,17,58.8,12,37,49,23,20,9,3,19,-2
CLE,CLE @ WAS,11/14/2018,L,48,95,35,77,45.5,4,21,19,21,31,67.7,9,33,42,22,24,12,6,24,-24
MIN,MIN vs. NOP,11/14/2018,W,48,107,37,90,41.1,14,32,43.8,19,24,79.2,11,36,47,29,16,14,6,22,7
SAS,SAS @ PHX,11/14/2018,L,48,96,35,83,42.2,7,23,30.4,19,24,79.2,13,30,43,16,18,7,4,12,-20
POR,POR @ LAL,11/14/2018,L,48,117,41,93,44.1,14,33,42.4,21,23,91.3,11,36,47,24,15,8,10,21,-9
DET,DET @ TOR,11/14/2018,W,48,106,44,91,48.4,10,33,30.3,8,13,61.5,7,32,39,24,18,8,5,24,2
MEM,MEM @ MIL,11/14/2018,W,48,116,42,83,50.6,14,36,38.9,18,24,75,4,30,34,24,14,8,4,20,3
ORL,ORL vs. PHI,11/14/2018,W,48,111,40,80,50,12,28,42.9,19,22,86.4,5,32,37,23,11,7,4,21,5
BKN,BKN vs. MIA,11/14/2018,L,48,107,41,101,40.6,8,28,28.6,17,24,70.8,16,30,46,17,15,10,2,29,-13
DAL,DAL vs. UTA,11/14/2018,W,48,118,45,77,58.4,12,28,42.9,16,24,66.7,7,44,51,24,20,12,6,19,50
BOS,BOS vs. CHI,11/14/2018,W,48,111,42,90,46.7,15,34,44.1,12,14,85.7,8,43,51,27,14,12,5,12,29
MIA,MIA @ BKN,11/14/2018,W,48,120,46,85,54.1,8,29,27.6,20,28,71.4,6,41,47,23,18,6,6,27,13
OKC,OKC vs. NYK,11/14/2018,W,48,128,51,95,53.7,16,33,48.5,10,12,83.3,13,34,47,32,16,11,7,21,25
WAS,WAS vs. CLE,11/14/2018,W,48,119,44,92,47.8,13,40,32.5,18,26,69.2,12,32,44,30,18,17,3,25,24
PHX,PHX vs. SAS,11/14/2018,W,48,116,47,84,56,15,31,48.4,7,8,87.5,5,33,38,27,16,9,4,23,20
GSW,GSW vs. ATL,11/13/2018,W,48,110,39,91,42.9,12,27,44.4,20,21,95.2,13,35,48,28,13,8,6,20,7
ATL,ATL @ GSW,11/13/2018,L,48,103,40,89,44.9,12,32,37.5,11,15,73.3,10,32,42,25,17,9,2,18,-7
DEN,DEN vs. HOU,11/13/2018,L,48,99,38,76,50,11,25,44,12,16,75,7,24,31,27,16,11,2,20,-10
HOU,HOU @ DEN,11/13/2018,W,48,109,39,71,54.9,13,37,35.1,18,26,69.2,6,26,32,23,15,7,6,20,10
CHA,CHA @ CLE,11/13/2018,L,48,89,33,95,34.7,8,41,19.5,15,19,78.9,12,25,37,22,9,12,4,11,-24
CLE,CLE vs. CHA,11/13/2018,W,48,113,45,85,52.9,13,24,54.2,10,12,83.3,14,46,60,23,20,5,3,20,24
UTA,UTA @ MEM,11/12/2018,W,48,96,32,82,39,9,32,28.1,23,30,76.7,13,36,49,19,15,7,6,25,8
MIN,MIN vs. BKN,11/12/2018,W,48,120,42,80,52.5,10,23,43.5,26,31,83.9,9,43,52,26,23,8,6,17,7
LAC,LAC vs. GSW,11/12/2018,W,53,121,43,91,47.3,5,20,25,30,34,88.2,6,43,49,23,17,11,5,23,5
SAC,SAC vs. SAS,11/12/2018,W,48,104,43,86,50,11,24,45.8,7,12,58.3,7,38,45,27,13,12,3,20,5
PHX,PHX @ OKC,11/12/2018,L,48,101,39,81,48.1,7,26,26.9,16,19,84.2,10,27,37,25,18,5,5,21,-17
DAL,DAL @ CHI,11/12/2018,W,48,103,37,79,46.8,10,33,30.3,19,29,65.5,7,42,49,18,20,11,7,22,5
NOP,NOP @ TOR,11/12/2018,W,48,126,54,99,54.5,10,27,37,8,13,61.5,14,40,54,30,13,2,4,20,16
OKC,OKC vs. PHX,11/12/2018,W,48,118,43,92,46.7,13,27,48.1,19,20,95,12,30,42,23,14,12,6,15,17
SAS,SAS @ SAC,11/12/2018,L,48,99,38,87,43.7,10,31,32.3,13,16,81.3,9,34,43,25,15,5,4,12,-5
CHI,CHI vs. DAL,11/12/2018,L,48,98,35,89,39.3,8,33,24.2,20,22,90.9,8,37,45,16,17,11,3,26,-5
GSW,GSW @ LAC,11/12/2018,L,53,116,44,94,46.8,12,31,38.7,16,23,69.6,11,35,46,27,17,7,8,25,-5
BKN,BKN @ MIN,11/12/2018,L,48,113,40,101,39.6,18,50,36,15,22,68.2,19,23,42,28,13,10,2,29,-7
TOR,TOR vs. NOP,11/12/2018,L,48,110,39,97,40.2,13,45,28.9,19,22,86.4,13,30,43,22,11,9,5,20,-16
ORL,ORL @ WAS,11/12/2018,L,48,109,43,89,48.3,15,30,50,8,11,72.7,8,26,34,28,13,5,6,28,-8
MEM,MEM vs. UTA,11/12/2018,L,48,88,33,79,41.8,4,24,16.7,18,23,78.3,8,34,42,19,16,7,9,28,-8
MIA,MIA vs. PHI,11/12/2018,L,48,114,37,77,48.1,13,31,41.9,27,33,81.8,8,32,40,19,15,5,6,30,-10
PHI,PHI @ MIA,11/12/2018,W,48,124,39,83,47,15,36,41.7,31,39,79.5,10,32,42,24,10,5,0,24,10
WAS,WAS vs. ORL,11/12/2018,W,48,117,40,79,50.6,13,33,39.4,24,33,72.7,7,34,41,24,12,8,7,17,8
IND,IND @ HOU,11/11/2018,L,48,103,36,78,46.2,11,29,37.9,20,26,76.9,5,30,35,24,13,10,6,22,-12
DET,DET vs. CHA,11/11/2018,L,48,103,38,104,36.5,12,45,26.7,15,19,78.9,22,29,51,21,10,5,4,18,-10
MIL,MIL @ DEN,11/11/2018,W,48,121,48,84,57.1,17,34,50,8,13,61.5,5,36,41,27,13,10,7,17,7
POR,POR vs. BOS,11/11/2018,W,48,100,39,86,45.3,14,36,38.9,8,10,80,15,40,55,22,21,4,2,14,6
DEN,DEN vs. MIL,11/11/2018,L,48,114,41,89,46.1,18,38,47.4,14,20,70,10,29,39,27,10,8,5,16,-7
BOS,BOS @ POR,11/11/2018,L,48,94,36,93,38.7,14,42,33.3,8,10,80,11,31,42,19,13,11,5,16,-6
ORL,ORL @ NYK,11/11/2018,W,48,115,44,98,44.9,17,42,40.5,10,11,90.9,10,42,52,31,11,10,9,21,26
HOU,HOU vs. IND,11/11/2018,W,48,115,36,74,48.6,20,47,42.6,23,32,71.9,8,30,38,18,17,6,5,22,12
NYK,NYK vs. ORL,11/11/2018,L,48,89,31,88,35.2,5,28,17.9,22,30,73.3,13,41,54,13,19,4,15,21,-26
ATL,ATL @ LAL,11/11/2018,L,48,106,41,95,43.2,13,37,35.1,11,13,84.6,10,34,44,25,19,11,4,23,-1
CHA,CHA @ DET,11/11/2018,W,48,113,43,85,50.6,11,28,39.3,16,18,88.9,6,40,46,24,12,6,8,26,10
LAL,LAL vs. ATL,11/11/2018,W,48,107,39,92,42.4,14,38,36.8,15,24,62.5,17,31,48,28,23,12,9,23,1
LAL,LAL @ SAC,11/10/2018,W,48,101,41,99,41.4,12,38,31.6,7,17,41.2,17,42,59,23,16,11,3,20,15
WAS,WAS @ MIA,11/10/2018,W,48,116,40,83,48.2,8,22,36.4,28,38,73.7,17,31,48,14,16,8,5,25,6
LAC,LAC vs. MIL,11/10/2018,W,53,128,46,99,46.5,14,34,41.2,22,27,81.5,10,44,54,26,18,6,6,19,2
MEM,MEM vs. PHI,11/10/2018,W,53,112,45,103,43.7,11,30,36.7,11,15,73.3,15,30,45,16,11,9,3,18,6
NOP,NOP vs. PHX,11/10/2018,W,48,119,42,86,48.8,11,25,44,24,29,82.8,16,38,54,28,18,7,7,18,20
CHI,CHI vs. CLE,11/10/2018,W,48,99,39,82,47.6,7,18,38.9,14,21,66.7,5,33,38,20,11,7,5,19,1
DAL,DAL vs. OKC,11/10/2018,W,48,111,43,77,55.8,14,29,48.3,11,17,64.7,4,34,38,31,16,9,5,23,15
HOU,HOU @ SAS,11/10/2018,L,48,89,30,90,33.3,9,41,22,20,29,69,15,34,49,11,8,10,5,24,-7
PHI,PHI @ MEM,11/10/2018,L,53,106,44,85,51.8,8,31,25.8,10,16,62.5,8,40,48,27,23,10,6,20,-6
MIA,MIA vs. WAS,11/10/2018,L,48,110,39,88,44.3,12,33,36.4,20,26,76.9,14,24,38,25,19,5,5,31,-6
TOR,TOR vs. NYK,11/10/2018,W,48,128,42,79,53.2,14,35,40,30,40,75,12,34,46,24,15,8,4,20,16
MIL,MIL @ LAC,11/10/2018,L,53,126,47,105,44.8,16,46,34.8,16,23,69.6,15,37,52,31,17,11,8,26,-2
GSW,GSW vs. BKN,11/10/2018,W,48,116,46,83,55.4,7,16,43.8,17,21,81,6,30,36,27,10,9,7,24,16
CLE,CLE @ CHI,11/10/2018,L,48,98,39,91,42.9,8,21,38.1,12,18,66.7,15,38,53,15,12,5,6,17,-1
OKC,OKC @ DAL,11/10/2018,L,48,96,38,97,39.2,9,34,26.5,11,18,61.1,26,27,53,17,16,9,2,19,-15
PHX,PHX @ NOP,11/10/2018,L,48,99,35,86,40.7,10,36,27.8,19,20,95,10,27,37,16,17,10,7,27,-20
NYK,NYK @ TOR,11/10/2018,L,48,112,44,96,45.8,6,22,27.3,18,22,81.8,16,31,47,18,14,12,6,26,-16
BKN,BKN @ GSW,11/10/2018,L,48,100,36,77,46.8,7,24,29.2,21,29,72.4,12,29,41,20,15,7,2,22,-16
SAC,SAC vs. LAL,11/10/2018,L,48,86,32,92,34.8,6,25,24,16,20,80,13,37,50,11,19,7,5,20,-15
SAS,SAS vs. HOU,11/10/2018,W,48,96,33,74,44.6,10,20,50,20,27,74.1,8,38,46,17,16,3,5,20,7
BKN,BKN @ DEN,11/09/2018,W,48,112,36,88,40.9,12,33,36.4,28,42,66.7,12,30,42,21,8,7,9,24,2
SAC,SAC vs. MIN,11/09/2018,W,48,121,43,95,45.3,12,32,37.5,23,29,79.3,12,37,49,25,13,7,6,29,11
IND,IND @ MIA,11/09/2018,W,48,110,43,79,54.4,7,20,35,17,29,58.6,6,33,39,20,18,10,5,26,8
PHI,PHI vs. CHA,11/09/2018,W,53,133,45,94,47.9,12,37,32.4,31,41,75.6,13,46,59,33,17,3,15,33,1
DET,DET @ ATL,11/09/2018,W,48,124,46,97,47.4,20,47,42.6,12,19,63.2,10,34,44,30,11,10,6,31,15
CHA,CHA @ PHI,11/09/2018,L,53,132,43,110,39.1,16,40,40,30,40,75,14,35,49,25,7,10,5,33,-1
DEN,DEN vs. BKN,11/09/2018,L,48,110,40,87,46,5,18,27.8,25,34,73.5,15,39,54,20,13,3,5,28,-2
ATL,ATL vs. DET,11/09/2018,L,48,109,36,79,45.6,7,28,25,30,40,75,9,44,53,17,16,6,2,21,-15
ORL,ORL vs. WAS,11/09/2018,W,48,117,44,86,51.2,13,31,41.9,16,19,84.2,10,31,41,26,16,8,6,18,9
BOS,BOS @ UTA,11/09/2018,L,48,115,39,88,44.3,17,43,39.5,20,22,90.9,5,23,28,31,8,11,3,20,-8
MIA,MIA vs. IND,11/09/2018,L,48,102,36,80,45,14,27,51.9,16,27,59.3,9,29,38,27,24,6,6,27,-8
MIN,MIN @ SAC,11/09/2018,L,48,110,39,94,41.5,7,25,28,25,31,80.6,15,37,52,20,17,6,1,23,-11
WAS,WAS @ ORL,11/09/2018,L,48,108,42,82,51.2,11,27,40.7,13,19,68.4,6,29,35,24,19,8,3,18,-9
UTA,UTA vs. BOS,11/09/2018,W,48,123,43,77,55.8,13,34,38.2,24,30,80,8,37,45,29,17,4,4,21,8
MIL,MIL @ GSW,11/08/2018,W,48,134,52,101,51.5,9,35,25.7,21,27,77.8,13,33,46,33,12,11,7,23,23
GSW,GSW vs. MIL,11/08/2018,L,48,111,42,87,48.3,10,28,35.7,17,22,77.3,8,30,38,31,18,5,6,22,-23
LAC,LAC @ POR,11/08/2018,L,48,105,41,89,46.1,8,23,34.8,15,20,75,7,34,41,19,7,2,10,22,-11
POR,POR vs. LAC,11/08/2018,W,48,116,40,97,41.2,10,26,38.5,26,28,92.9,14,39,53,18,7,4,8,20,11
HOU,HOU @ OKC,11/08/2018,L,48,80,31,82,37.8,11,42,26.2,7,10,70,12,27,39,16,17,9,3,26,-18
BOS,BOS @ PHX,11/08/2018,W,53,116,39,97,40.2,14,37,37.8,24,31,77.4,17,39,56,21,16,6,6,18,7
OKC,OKC vs. HOU,11/08/2018,W,48,98,36,81,44.4,9,37,24.3,17,24,70.8,13,39,52,18,15,10,4,16,18
PHX,PHX vs. BOS,11/08/2018,L,53,109,41,93,44.1,11,35,31.4,16,19,84.2,4,38,42,25,15,10,6,23,-7
DET,DET @ ORL,11/07/2018,W,48,103,37,90,41.1,11,37,29.7,18,20,90,13,37,50,21,20,13,1,15,7
DAL,DAL @ UTA,11/07/2018,L,48,102,29,73,39.7,8,24,33.3,36,40,90,12,37,49,14,25,3,4,27,-15
MEM,MEM vs. DEN,11/07/2018,W,48,89,30,70,42.9,8,21,38.1,21,25,84,8,28,36,19,18,7,7,22,2
SAS,SAS @ MIA,11/07/2018,L,48,88,31,94,33,13,32,40.6,13,14,92.9,12,37,49,19,12,8,5,19,-7
UTA,UTA vs. DAL,11/07/2018,W,48,117,43,89,48.3,13,37,35.1,18,26,69.2,8,27,35,31,12,12,10,32,15
ORL,ORL vs. DET,11/07/2018,L,48,96,40,87,46,9,27,33.3,7,9,77.8,6,34,40,28,21,10,8,19,-7
OKC,OKC @ CLE,11/07/2018,W,48,95,35,84,41.7,7,27,25.9,18,26,69.2,7,37,44,10,12,13,9,23,9
SAC,SAC vs. TOR,11/07/2018,L,48,105,42,88,47.7,8,23,34.8,13,18,72.2,6,25,31,27,15,10,5,26,-9
LAL,LAL vs. MIN,11/07/2018,W,48,114,44,91,48.4,15,34,44.1,11,14,78.6,12,35,47,32,16,6,4,14,4
NOP,NOP vs. CHI,11/07/2018,W,48,107,42,94,44.7,11,30,36.7,12,17,70.6,11,44,55,32,15,5,10,18,9
IND,IND vs. PHI,11/07/2018,L,48,94,37,94,39.4,8,31,25.8,12,17,70.6,8,33,41,19,12,9,6,21,-6
PHI,PHI @ IND,11/07/2018,W,48,100,36,79,45.6,10,32,31.3,18,22,81.8,5,38,43,24,17,7,8,18,6
CLE,CLE vs. OKC,11/07/2018,L,48,86,33,89,37.1,9,31,29,11,13,84.6,12,39,51,17,20,3,4,26,-9
CHI,CHI @ NOP,11/07/2018,L,48,98,38,96,39.6,9,31,29,13,17,76.5,7,39,46,18,12,9,7,16,-9
MIA,MIA vs. SAS,11/07/2018,W,48,95,36,93,38.7,10,32,31.3,13,18,72.2,14,46,60,21,13,8,11,17,7
DEN,DEN @ MEM,11/07/2018,L,48,87,32,82,39,8,32,25,15,19,78.9,13,28,41,19,19,9,3,22,-2
NYK,NYK @ ATL,11/07/2018,W,48,112,34,77,44.2,11,30,36.7,33,47,70.2,11,37,48,15,18,8,7,30,5
TOR,TOR @ SAC,11/07/2018,W,48,114,41,89,46.1,11,36,30.6,21,23,91.3,13,40,53,17,22,10,4,20,9
MIN,MIN @ LAL,11/07/2018,L,48,110,41,91,45.1,20,40,50,8,9,88.9,11,29,40,22,16,10,5,17,-4
ATL,ATL vs. NYK,11/07/2018,L,48,107,37,92,40.2,11,38,28.9,22,29,75.9,15,30,45,26,17,5,9,30,-5
POR,POR vs. MIL,11/06/2018,W,48,118,48,91,52.7,17,43,39.5,5,8,62.5,11,40,51,23,12,7,3,17,15
DAL,DAL vs. WAS,11/06/2018,W,48,119,39,82,47.6,15,34,44.1,26,27,96.3,10,40,50,25,18,4,6,22,19
ATL,ATL @ CHA,11/06/2018,L,48,102,41,85,48.2,6,30,20,14,18,77.8,7,30,37,22,22,13,9,18,-11
PHX,PHX vs. BKN,11/06/2018,L,48,82,28,81,34.6,9,25,36,17,20,85,9,40,49,16,20,4,3,20,-22
BKN,BKN @ PHX,11/06/2018,W,48,104,41,92,44.6,9,36,25,13,19,68.4,13,39,52,22,10,9,5,22,22
WAS,WAS @ DAL,11/06/2018,L,48,100,37,87,42.5,11,35,31.4,15,20,75,5,27,32,27,10,8,6,24,-19
MIL,MIL @ POR,11/06/2018,L,48,103,40,92,43.5,16,42,38.1,7,8,87.5,12,30,42,26,12,2,1,16,-15
CHA,CHA vs. ATL,11/06/2018,W,48,113,45,92,48.9,13,31,41.9,10,18,55.6,8,35,43,27,21,9,4,16,11
CHI,CHI @ NYK,11/05/2018,W,58,116,43,95,45.3,8,30,26.7,22,30,73.3,11,37,48,15,19,9,9,22,1
MEM,MEM @ GSW,11/05/2018,L,48,101,38,83,45.8,9,27,33.3,16,21,76.2,4,26,30,31,10,8,8,19,-16
HOU,HOU @ IND,11/05/2018,W,48,98,34,76,44.7,15,47,31.9,15,16,93.8,5,34,39,23,17,9,6,24,4
NYK,NYK vs. CHI,11/05/2018,L,58,115,41,106,38.7,7,26,26.9,26,29,89.7,21,41,62,20,18,7,6,27,-1
DEN,DEN vs. BOS,11/05/2018,W,48,115,41,90,45.6,13,34,38.2,20,28,71.4,15,32,47,25,13,5,4,14,8
UTA,UTA vs. TOR,11/05/2018,L,48,111,38,86,44.2,8,31,25.8,27,41,65.9,12,28,40,29,12,10,4,19,-13
GSW,GSW vs. MEM,11/05/2018,W,48,117,41,81,50.6,13,24,54.2,22,23,95.7,8,38,46,29,13,4,4,25,16
MIN,MIN @ LAC,11/05/2018,L,48,109,40,85,47.1,5,21,23.8,24,30,80,8,30,38,20,11,9,8,23,-11
CLE,CLE @ ORL,11/05/2018,L,48,100,41,80,51.3,10,23,43.5,8,12,66.7,8,34,42,20,18,8,2,17,-2
TOR,TOR @ UTA,11/05/2018,W,48,124,49,86,57,13,33,39.4,13,14,92.9,7,36,43,21,15,9,3,28,13
IND,IND vs. HOU,11/05/2018,L,48,94,33,75,44,8,28,28.6,20,30,66.7,7,32,39,17,16,8,3,15,-4
OKC,OKC vs. NOP,11/05/2018,W,48,122,45,93,48.4,10,27,37,22,31,71,9,32,41,26,12,15,3,23,6
BOS,BOS @ DEN,11/05/2018,L,48,107,44,87,50.6,9,31,29,10,12,83.3,7,33,40,22,12,9,9,21,-8
LAC,LAC vs. MIN,11/05/2018,W,48,120,43,88,48.9,14,31,45.2,20,22,90.9,13,30,43,30,12,5,4,27,11
MIA,MIA @ DET,11/05/2018,W,53,120,44,98,44.9,12,31,38.7,20,31,64.5,9,41,50,24,17,10,8,26,5
NOP,NOP @ OKC,11/05/2018,L,48,116,41,84,48.8,9,29,31,25,30,83.3,11,34,45,27,21,8,5,26,-6
DET,DET vs. MIA,11/05/2018,L,53,115,43,105,41,11,35,31.4,18,28,64.3,21,39,60,27,19,8,3,30,-5
ORL,ORL vs. CLE,11/05/2018,W,48,102,39,87,44.8,11,34,32.4,13,15,86.7,10,30,40,22,15,11,5,16,2
MEM,MEM @ PHX,11/04/2018,L,48,100,36,76,47.4,7,23,30.4,21,29,72.4,9,21,30,19,13,13,3,21,-2
NYK,NYK @ WAS,11/04/2018,L,48,95,39,93,41.9,5,27,18.5,12,16,75,15,36,51,19,20,5,5,28,-13
MIN,MIN @ POR,11/04/2018,L,48,81,29,93,31.2,7,30,23.3,16,21,76.2,13,25,38,18,11,9,4,21,-30
LAL,LAL vs. TOR,11/04/2018,L,48,107,39,85,45.9,6,24,25,23,29,79.3,6,32,38,25,16,6,4,18,-14
TOR,TOR @ LAL,11/04/2018,W,48,121,49,98,50,10,35,28.6,13,14,92.9,13,36,49,32,13,9,4,24,14
ORL,ORL @ SAS,11/04/2018,W,48,117,46,91,50.5,12,32,37.5,13,18,72.2,11,32,43,29,9,7,4,22,7
BKN,BKN vs. PHI,11/04/2018,W,48,122,50,105,47.6,9,28,32.1,13,18,72.2,15,23,38,27,9,11,3,28,25
PHI,PHI @ BKN,11/04/2018,L,48,97,31,65,47.7,4,20,20,31,41,75.6,9,37,46,16,28,6,1,21,-25
POR,POR vs. MIN,11/04/2018,W,48,111,38,86,44.2,7,28,25,28,32,87.5,17,49,66,15,17,7,1,20,30
MIL,MIL vs. SAC,11/04/2018,W,48,144,46,95,48.4,22,56,39.3,30,33,90.9,10,46,56,30,13,6,7,20,35
SAC,SAC @ MIL,11/04/2018,L,48,109,42,95,44.2,14,36,38.9,11,22,50,8,36,44,24,15,6,4,26,-35
WAS,WAS vs. NYK,11/04/2018,W,48,108,36,83,43.4,6,26,23.1,30,39,76.9,15,32,47,21,13,12,11,18,13
SAS,SAS vs. ORL,11/04/2018,L,48,110,38,88,43.2,12,35,34.3,22,25,88,10,33,43,25,11,3,5,21,-7
PHX,PHX vs. MEM,11/04/2018,W,48,102,33,64,51.6,14,32,43.8,22,26,84.6,5,32,37,25,25,7,3,27,2
DEN,DEN vs. UTA,11/03/2018,W,48,103,41,83,49.4,9,28,32.1,12,19,63.2,8,40,48,32,17,8,0,26,15
MIA,MIA @ ATL,11/03/2018,L,48,118,41,85,48.2,16,40,40,20,26,76.9,13,28,41,27,18,6,6,20,-5
SAS,SAS vs. NOP,11/03/2018,W,48,109,45,96,46.9,8,23,34.8,11,14,78.6,8,35,43,29,9,8,4,21,14
LAL,LAL @ POR,11/03/2018,W,48,114,45,86,52.3,8,21,38.1,16,25,64,9,41,50,20,20,9,11,22,4
CHA,CHA vs. CLE,11/03/2018,W,48,126,52,91,57.1,10,30,33.3,12,13,92.3,12,38,50,29,15,3,7,17,32
IND,IND vs. BOS,11/03/2018,W,48,102,36,86,41.9,11,32,34.4,19,25,76,8,37,45,23,13,10,2,16,1
BOS,BOS @ IND,11/03/2018,L,48,101,38,88,43.2,19,46,41.3,6,9,66.7,10,35,45,23,14,6,8,20,-1
NOP,NOP @ SAS,11/03/2018,L,48,95,36,77,46.8,6,21,28.6,17,30,56.7,6,42,48,22,16,3,8,21,-14
PHI,PHI vs. DET,11/03/2018,W,48,109,28,69,40.6,9,29,31,44,51,86.3,3,42,45,21,18,11,3,31,10
DET,DET @ PHI,11/03/2018,L,48,99,33,83,39.8,5,30,16.7,28,41,68.3,7,37,44,16,17,8,3,32,-10
POR,POR vs. LAL,11/03/2018,L,48,110,44,104,42.3,6,35,17.1,16,22,72.7,16,34,50,20,14,10,5,21,-4
CLE,CLE @ CHA,11/03/2018,L,48,94,35,81,43.2,10,26,38.5,14,15,93.3,3,23,26,22,15,10,2,20,-32
UTA,UTA @ DEN,11/03/2018,L,48,88,33,81,40.7,6,31,19.4,16,24,66.7,10,30,40,22,13,12,7,21,-15
ATL,ATL vs. MIA,11/03/2018,W,48,123,46,88,52.3,13,32,40.6,18,23,78.3,8,29,37,33,18,11,7,21,5
HOU,HOU @ CHI,11/03/2018,W,48,96,35,83,42.2,13,42,31,13,20,65,10,35,45,21,19,13,5,22,8
CHI,CHI vs. HOU,11/03/2018,L,48,88,28,71,39.4,6,23,26.1,26,27,96.3,4,33,37,16,19,13,4,18,-8
UTA,UTA vs. MEM,11/02/2018,L,48,100,36,77,46.8,14,36,38.9,14,25,56,10,29,39,21,14,3,5,25,-10
PHX,PHX vs. TOR,11/02/2018,L,48,98,40,91,44,8,26,30.8,10,18,55.6,12,37,49,20,16,3,4,18,-9
GSW,GSW vs. MIN,11/02/2018,W,48,116,43,88,48.9,13,34,38.2,17,22,77.3,12,49,61,31,16,3,9,16,17
TOR,TOR @ PHX,11/02/2018,W,48,107,41,81,50.6,12,33,36.4,13,21,61.9,6,33,39,29,14,11,10,23,9
BKN,BKN vs. HOU,11/02/2018,L,48,111,42,85,49.4,15,34,44.1,12,20,60,9,29,38,22,12,5,4,28,-8
IND,IND @ CHI,11/02/2018,W,48,107,40,85,47.1,7,26,26.9,20,22,90.9,9,33,42,21,11,8,9,13,2
CHI,CHI vs. IND,11/02/2018,L,48,105,42,89,47.2,13,31,41.9,8,9,88.9,11,32,43,33,14,2,7,20,-2
OKC,OKC @ WAS,11/02/2018,W,48,134,49,86,57,15,32,46.9,21,26,80.8,7,31,38,34,13,13,5,20,23
ORL,ORL vs. LAC,11/02/2018,L,48,95,40,90,44.4,4,17,23.5,11,19,57.9,8,32,40,20,10,7,4,24,-25
MIN,MIN @ GSW,11/02/2018,L,48,99,38,101,37.6,13,45,28.9,10,14,71.4,8,31,39,25,5,8,4,16,-17
NYK,NYK @ DAL,11/02/2018,W,48,118,46,84,54.8,7,29,24.1,19,26,73.1,10,30,40,26,12,13,4,24,12
LAC,LAC @ ORL,11/02/2018,W,48,120,41,86,47.7,13,26,50,25,33,75.8,10,40,50,22,14,5,3,23,25
HOU,HOU @ BKN,11/02/2018,W,48,119,41,83,49.4,15,39,38.5,22,32,68.8,11,30,41,22,9,4,10,21,8
WAS,WAS vs. OKC,11/02/2018,L,48,111,44,86,51.2,9,30,30,14,18,77.8,6,24,30,27,19,6,4,21,-23
DAL,DAL vs. NYK,11/02/2018,L,48,106,40,81,49.4,11,29,37.9,15,24,62.5,11,29,40,22,19,6,1,28,-12
MEM,MEM @ UTA,11/02/2018,W,48,110,38,75,50.7,13,26,50,21,34,61.8,9,30,39,23,11,9,3,29,10
CHA,CHA vs. OKC,11/01/2018,L,48,107,38,93,40.9,11,41,26.8,20,22,90.9,11,40,51,26,18,7,3,26,-4
LAC,LAC @ PHI,11/01/2018,L,48,113,38,86,44.2,9,23,39.1,28,33,84.8,8,34,42,19,18,6,7,28,-9
BOS,BOS vs. MIL,11/01/2018,W,48,117,41,92,44.6,24,55,43.6,11,13,84.6,8,34,42,30,13,5,8,23,4
NOP,NOP @ POR,11/01/2018,L,48,119,40,94,42.6,8,29,27.6,31,37,83.8,14,30,44,23,13,7,3,24,-13
POR,POR vs. NOP,11/01/2018,W,48,132,44,87,50.6,18,35,51.4,26,31,83.9,8,38,46,26,14,4,4,30,13
MIL,MIL @ BOS,11/01/2018,L,48,113,41,85,48.2,9,29,31,22,30,73.3,8,37,45,20,14,8,3,20,-4
ATL,ATL vs. SAC,11/01/2018,L,48,115,42,87,48.3,8,31,25.8,23,34,67.6,10,33,43,26,22,6,6,28,-31
CLE,CLE vs. DEN,11/01/2018,L,48,91,34,83,41,5,18,27.8,18,19,94.7,13,22,35,18,14,11,4,22,-19
OKC,OKC @ CHA,11/01/2018,W,48,111,41,96,42.7,8,37,21.6,21,29,72.4,14,35,49,20,10,12,9,21,4
PHI,PHI vs. LAC,11/01/2018,W,48,122,44,93,47.3,13,27,48.1,21,28,75,10,33,43,29,16,7,7,30,9
DEN,DEN @ CLE,11/01/2018,W,48,110,41,85,48.2,10,26,38.5,18,21,85.7,14,30,44,22,12,8,7,18,19
SAC,SAC @ ATL,11/01/2018,W,48,146,53,98,54.1,14,35,40,26,32,81.3,10,36,46,38,14,14,3,29,31
LAL,LAL vs. DAL,10/31/2018,W,48,114,43,84,51.2,10,17,58.8,18,24,75,8,31,39,23,20,12,6,27,1
NYK,NYK vs. IND,10/31/2018,L,48,101,34,79,43,12,25,48,21,24,87.5,9,26,35,18,17,6,6,19,-6
BKN,BKN vs. DET,10/31/2018,W,53,120,43,101,42.6,12,38,31.6,22,30,73.3,18,37,55,26,16,5,3,33,1
DEN,DEN @ CHI,10/31/2018,W,53,108,45,99,45.5,7,26,26.9,11,18,61.1,17,39,56,24,16,7,9,16,1
SAS,SAS @ PHX,10/31/2018,W,48,120,46,83,55.4,4,18,22.2,24,26,92.3,6,41,47,24,14,7,6,15,30
MIN,MIN vs. UTA,10/31/2018,W,48,128,50,86,58.1,12,25,48,16,24,66.7,7,34,41,19,16,10,8,28,3
DET,DET @ BKN,10/31/2018,L,53,119,39,93,41.9,11,34,32.4,30,39,76.9,14,41,55,16,17,8,6,30,-1
IND,IND @ NYK,10/31/2018,W,48,107,45,83,54.2,6,20,30,11,17,64.7,10,31,41,24,15,10,10,19,6
GSW,GSW vs. NOP,10/31/2018,W,48,131,47,89,52.8,16,32,50,21,30,70,12,34,46,39,17,10,4,24,10
CHI,CHI vs. DEN,10/31/2018,L,53,107,39,92,42.4,16,34,47.1,13,18,72.2,10,33,43,27,14,7,6,23,-1
UTA,UTA @ MIN,10/31/2018,L,48,125,47,97,48.5,13,30,43.3,18,30,60,20,28,48,25,14,9,5,22,-3
NOP,NOP @ GSW,10/31/2018,L,48,121,44,92,47.8,12,35,34.3,21,27,77.8,12,30,42,24,16,8,2,26,-10
DAL,DAL @ LAL,10/31/2018,L,48,113,43,86,50,13,29,44.8,14,19,73.7,10,30,40,24,23,5,5,24,-1
PHX,PHX vs. SAS,10/31/2018,L,48,90,35,90,38.9,6,24,25,14,18,77.8,7,28,35,21,15,10,3,26,-30
WAS,WAS @ MEM,10/30/2018,L,48,95,32,74,43.2,14,35,40,17,20,85,5,32,37,24,20,9,7,22,-12
ATL,ATL @ CLE,10/30/2018,L,48,114,44,82,53.7,15,35,42.9,11,17,64.7,6,33,39,25,23,6,8,29,-22
CHA,CHA vs. MIA,10/30/2018,W,48,125,44,81,54.3,13,28,46.4,24,29,82.8,8,31,39,27,14,7,5,26,12
MIA,MIA @ CHA,10/30/2018,L,48,113,41,87,47.1,11,28,39.3,20,24,83.3,10,24,34,25,15,9,5,26,-12
CLE,CLE vs. ATL,10/30/2018,W,48,136,45,90,50,13,25,52,33,43,76.7,13,35,48,23,13,13,1,20,22
HOU,HOU vs. POR,10/30/2018,L,48,85,31,96,32.3,10,43,23.3,13,23,56.5,20,29,49,18,12,7,9,25,-19
MEM,MEM vs. WAS,10/30/2018,W,48,107,36,74,48.6,13,28,46.4,22,31,71,6,32,38,28,17,16,3,20,12
LAC,LAC @ OKC,10/30/2018,L,48,110,35,74,47.3,7,20,35,33,43,76.7,6,32,38,18,25,6,7,26,-18
SAC,SAC @ ORL,10/30/2018,W,48,107,41,84,48.8,8,22,36.4,17,26,65.4,8,43,51,22,15,8,6,20,8
PHI,PHI @ TOR,10/30/2018,L,48,112,38,91,41.8,14,40,35,22,30,73.3,17,30,47,25,23,7,5,24,-17
ORL,ORL vs. SAC,10/30/2018,L,48,99,36,91,39.6,11,43,25.6,16,22,72.7,11,37,48,28,17,10,8,22,-8
TOR,TOR vs. PHI,10/30/2018,W,48,129,47,92,51.1,11,27,40.7,24,28,85.7,9,34,43,29,16,13,6,26,17
DET,DET @ BOS,10/30/2018,L,48,105,37,88,42,8,30,26.7,23,27,85.2,11,39,50,17,17,6,3,28,-3
POR,POR @ HOU,10/30/2018,W,48,104,38,80,47.5,8,20,40,20,23,87,7,44,51,17,20,4,4,19,19
OKC,OKC vs. LAC,10/30/2018,W,48,128,48,94,51.1,9,17,52.9,23,32,71.9,9,32,41,19,17,16,6,35,18
BOS,BOS vs. DET,10/30/2018,W,48,108,37,84,44,9,31,29,25,32,78.1,8,38,46,25,14,8,4,20,3
PHI,PHI vs. ATL,10/29/2018,W,48,113,41,99,41.4,14,47,29.8,17,18,94.4,16,48,64,33,19,7,9,22,21
IND,IND vs. POR,10/29/2018,L,48,93,37,90,41.1,6,19,31.6,13,20,65,7,28,35,19,9,8,5,20,-10
LAL,LAL @ MIN,10/29/2018,L,48,120,49,104,47.1,12,33,36.4,10,15,66.7,17,31,48,24,18,8,8,24,-4
MIA,MIA vs. SAC,10/29/2018,L,48,113,38,92,41.3,13,39,33.3,24,34,70.6,13,39,52,20,18,10,9,21,-10
CHI,CHI vs. GSW,10/29/2018,L,48,124,46,94,48.9,11,35,31.4,21,34,61.8,12,32,44,25,9,6,3,19,-25
POR,POR @ IND,10/29/2018,W,48,103,38,78,48.7,10,26,38.5,17,18,94.4,9,41,50,19,18,3,3,23,10
GSW,GSW @ CHI,10/29/2018,W,48,149,53,96,55.2,24,45,53.3,19,26,73.1,8,41,49,34,7,9,7,29,25
TOR,TOR @ MIL,10/29/2018,L,48,109,39,103,37.9,9,45,20,22,28,78.6,15,36,51,25,10,9,7,19,-15
NOP,NOP @ DEN,10/29/2018,L,48,111,43,82,52.4,11,24,45.8,14,20,70,7,37,44,28,22,8,5,25,-5
ATL,ATL @ PHI,10/29/2018,L,48,92,35,94,37.2,8,37,21.6,14,21,66.7,10,37,47,20,15,10,3,18,-21
NYK,NYK vs. BKN,10/29/2018,W,48,115,45,92,48.9,9,24,37.5,16,18,88.9,16,37,53,21,16,5,3,21,19
SAS,SAS vs. DAL,10/29/2018,W,53,113,42,91,46.2,9,20,45,20,21,95.2,5,36,41,27,17,17,2,19,5
SAC,SAC @ MIA,10/29/2018,W,48,123,48,97,49.5,12,26,46.2,15,25,60,9,37,46,28,14,8,8,23,10
MIL,MIL vs. TOR,10/29/2018,W,48,124,45,92,48.9,19,45,42.2,15,19,78.9,8,49,57,28,17,5,4,21,15
DAL,DAL @ SAS,10/29/2018,L,53,108,43,91,47.3,10,34,29.4,12,17,70.6,8,41,49,15,23,9,3,21,-5
MIN,MIN vs. LAL,10/29/2018,W,48,124,42,98,42.9,14,29,48.3,26,30,86.7,20,31,51,26,15,11,12,14,4
BKN,BKN @ NYK,10/29/2018,L,48,96,34,84,40.5,11,38,28.9,17,22,77.3,11,21,32,22,10,6,7,20,-19
DEN,DEN vs. NOP,10/29/2018,W,48,116,42,93,45.2,11,35,31.4,21,23,91.3,9,32,41,28,13,14,5,17,5
DAL,DAL vs. UTA,10/28/2018,L,48,104,38,91,41.8,9,28,32.1,19,25,76,12,31,43,24,13,6,3,19,-9
LAC,LAC vs. WAS,10/28/2018,W,48,136,56,103,54.4,16,29,55.2,8,13,61.5,14,43,57,35,15,7,9,25,32
GSW,GSW @ BKN,10/28/2018,W,48,120,44,89,49.4,11,33,33.3,21,24,87.5,12,35,47,28,12,11,7,16,6
BKN,BKN vs. GSW,10/28/2018,L,48,114,42,87,48.3,20,42,47.6,10,15,66.7,5,32,37,28,15,5,3,20,-6
OKC,OKC vs. PHX,10/28/2018,W,48,117,43,85,50.6,7,24,29.2,24,35,68.6,9,34,43,22,15,16,3,24,7
UTA,UTA @ DAL,10/28/2018,W,48,113,42,80,52.5,10,25,40,19,22,86.4,8,35,43,25,18,8,6,27,9
PHX,PHX @ OKC,10/28/2018,L,48,110,38,86,44.2,8,27,29.6,26,27,96.3,10,34,44,21,22,10,3,32,-7
WAS,WAS @ LAC,10/28/2018,L,48,104,38,97,39.2,5,27,18.5,23,28,82.1,14,31,45,18,14,7,3,16,-32
NOP,NOP vs. UTA,10/27/2018,L,48,111,40,95,42.1,9,34,26.5,22,29,75.9,11,29,40,22,16,4,5,32,-21
POR,POR @ MIA,10/27/2018,L,48,111,37,88,42,12,33,36.4,25,28,89.3,8,34,42,14,9,7,8,25,-9
UTA,UTA @ NOP,10/27/2018,W,48,132,46,88,52.3,10,32,31.3,30,37,81.1,6,37,43,32,13,7,7,26,21
MEM,MEM vs. PHX,10/27/2018,W,48,117,44,79,55.7,9,26,34.6,20,22,90.9,3,36,39,30,12,12,1,21,21
PHI,PHI vs. CHA,10/27/2018,W,48,105,35,91,38.5,10,28,35.7,25,30,83.3,14,42,56,18,11,4,8,23,2
BOS,BOS @ DET,10/27/2018,W,48,109,39,86,45.3,14,34,41.2,17,25,68,8,46,54,25,13,4,8,26,20
SAS,SAS vs. LAL,10/27/2018,W,48,110,44,91,48.4,3,16,18.8,19,24,79.2,12,37,49,20,13,7,5,17,4
LAL,LAL @ SAS,10/27/2018,L,48,106,41,86,47.7,13,33,39.4,11,18,61.1,7,35,42,19,17,5,5,25,-4
DET,DET vs. BOS,10/27/2018,L,48,89,33,89,37.1,7,37,18.9,16,20,80,6,41,47,16,11,4,3,24,-20
PHX,PHX @ MEM,10/27/2018,L,48,96,36,78,46.2,9,33,27.3,15,19,78.9,5,30,35,28,19,5,1,25,-21
ORL,ORL @ MIL,10/27/2018,L,48,91,33,101,32.7,10,43,23.3,15,17,88.2,11,30,41,21,11,9,6,22,-22
CHI,CHI @ ATL,10/27/2018,W,48,97,36,83,43.4,12,33,36.4,13,16,81.3,8,44,52,25,23,14,6,21,12
CHA,CHA @ PHI,10/27/2018,L,48,103,37,95,38.9,9,35,25.7,20,24,83.3,9,39,48,19,9,3,8,25,-2
MIL,MIL vs. ORL,10/27/2018,W,48,113,41,82,50,10,30,33.3,21,23,91.3,6,51,57,24,21,6,7,19,22
MIA,MIA vs. POR,10/27/2018,W,48,120,44,96,45.8,15,39,38.5,17,26,65.4,16,40,56,21,13,7,8,21,9
CLE,CLE vs. IND,10/27/2018,L,48,107,40,86,46.5,7,25,28,20,22,90.9,16,23,39,21,18,9,2,20,-12
ATL,ATL vs. CHI,10/27/2018,L,48,85,27,84,32.1,12,40,30,19,23,82.6,11,37,48,20,22,9,8,13,-12
IND,IND @ CLE,10/27/2018,W,48,119,48,74,64.9,5,13,38.5,18,26,69.2,4,20,24,28,15,13,3,15,12
CHA,CHA vs. CHI,10/26/2018,W,48,135,53,93,57,14,32,43.8,15,16,93.8,11,39,50,30,12,10,10,18,29
MIL,MIL @ MIN,10/26/2018,W,48,125,49,92,53.3,19,46,41.3,8,11,72.7,7,55,62,32,18,4,8,23,30
GSW,GSW @ NYK,10/26/2018,W,48,128,51,87,58.6,16,33,48.5,10,12,83.3,6,33,39,26,14,10,6,16,28
DAL,DAL @ TOR,10/26/2018,L,48,107,38,92,41.3,12,30,40,19,24,79.2,10,34,44,22,15,6,6,17,-9
BKN,BKN @ NOP,10/26/2018,L,48,115,43,98,43.9,19,40,47.5,10,15,66.7,16,38,54,26,21,6,8,22,-2
HOU,HOU vs. LAC,10/26/2018,L,48,113,38,98,38.8,15,41,36.6,22,25,88,16,26,42,21,13,11,7,27,-20
SAC,SAC vs. WAS,10/26/2018,W,48,116,44,95,46.3,14,37,37.8,14,23,60.9,14,39,53,25,19,8,4,18,4
NOP,NOP vs. BKN,10/26/2018,W,48,117,44,98,44.9,9,23,39.1,20,26,76.9,15,31,46,23,11,11,11,20,2
LAC,LAC @ HOU,10/26/2018,W,48,133,43,79,54.4,12,23,52.2,35,38,92.1,5,39,44,17,16,8,4,21,20
MIN,MIN vs. MIL,10/26/2018,L,48,95,36,112,32.1,10,43,23.3,13,18,72.2,17,32,49,19,8,10,6,15,-30
WAS,WAS @ SAC,10/26/2018,L,48,112,40,86,46.5,14,42,33.3,18,23,78.3,5,37,42,22,21,8,7,27,-4
TOR,TOR vs. DAL,10/26/2018,W,48,116,44,91,48.4,11,27,40.7,17,20,85,12,38,50,23,13,10,5,22,9
CHI,CHI @ CHA,10/26/2018,L,48,106,37,85,43.5,16,36,44.4,16,22,72.7,8,26,34,21,14,5,7,16,-29
NYK,NYK vs. GSW,10/26/2018,L,48,100,39,90,43.3,13,39,33.3,9,12,75,11,29,40,17,20,6,1,18,-28
POR,POR @ ORL,10/25/2018,W,48,128,48,87,55.2,11,27,40.7,21,26,80.8,12,32,44,24,11,6,6,22,14
BOS,BOS @ OKC,10/25/2018,W,48,101,33,86,38.4,11,32,34.4,24,33,72.7,10,35,45,19,12,7,1,27,6
OKC,OKC vs. BOS,10/25/2018,L,48,95,37,94,39.4,7,28,25,14,25,56,16,41,57,19,16,5,6,27,-6
DEN,DEN @ LAL,10/25/2018,L,48,114,46,92,50,6,23,26.1,16,20,80,10,34,44,22,19,8,5,22,-7
ORL,ORL vs. POR,10/25/2018,L,48,114,43,86,50,12,30,40,16,20,80,11,29,40,29,14,5,7,21,-14
CLE,CLE @ DET,10/25/2018,L,48,103,41,89,46.1,8,24,33.3,13,15,86.7,7,23,30,18,9,11,1,25,-7
DET,DET vs. CLE,10/25/2018,W,48,110,41,78,52.6,11,28,39.3,17,29,58.6,13,35,48,21,20,4,5,21,7
LAL,LAL vs. DEN,10/25/2018,W,48,121,46,92,50,10,29,34.5,19,23,82.6,9,33,42,27,14,13,3,19,7
TOR,TOR vs. MIN,10/24/2018,W,48,112,46,89,51.7,11,32,34.4,9,12,75,11,33,44,26,17,9,8,18,7
CLE,CLE vs. BKN,10/24/2018,L,48,86,34,89,38.2,3,18,16.7,15,16,93.8,16,37,53,18,15,5,2,19,-16
BKN,BKN @ CLE,10/24/2018,W,48,102,38,87,43.7,14,34,41.2,12,15,80,8,36,44,23,14,8,1,16,16
LAL,LAL @ PHX,10/24/2018,W,48,131,52,100,52,10,28,35.7,17,23,73.9,11,32,43,34,8,13,5,19,18
GSW,GSW vs. WAS,10/24/2018,W,48,144,53,92,57.6,15,33,45.5,23,25,92,10,38,48,37,18,6,5,22,22
ATL,ATL vs. DAL,10/24/2018,W,48,111,37,91,40.7,15,38,39.5,22,31,71,10,44,54,28,15,6,6,26,7
UTA,UTA @ HOU,10/24/2018,W,48,100,34,78,43.6,10,29,34.5,22,28,78.6,9,38,47,21,19,7,5,21,11
SAC,SAC vs. MEM,10/24/2018,W,48,97,35,83,42.2,6,18,33.3,21,33,63.6,15,42,57,19,17,7,5,15,5
NYK,NYK @ MIA,10/24/2018,L,48,87,33,91,36.3,12,33,36.4,9,14,64.3,10,35,45,20,12,5,3,23,-23
MIA,MIA vs. NYK,10/24/2018,W,48,110,39,82,47.6,13,29,44.8,19,28,67.9,4,47,51,24,13,7,5,15,23
MIN,MIN @ TOR,10/24/2018,L,48,105,40,96,41.7,15,30,50,10,16,62.5,16,28,44,25,16,10,5,17,-7
PHI,PHI @ MIL,10/24/2018,L,48,108,38,92,41.3,11,34,32.4,21,30,70,8,42,50,29,16,4,5,27,-15
WAS,WAS @ GSW,10/24/2018,L,48,122,42,93,45.2,12,42,28.6,26,28,92.9,7,27,34,22,12,7,1,24,-22
IND,IND @ SAS,10/24/2018,W,48,116,46,87,52.9,17,32,53.1,7,8,87.5,5,35,40,34,10,9,5,22,20
PHX,PHX vs. LAL,10/24/2018,L,48,113,44,84,52.4,10,31,32.3,15,21,71.4,9,35,44,27,20,4,4,23,-18
SAS,SAS vs. IND,10/24/2018,L,48,96,35,87,40.2,6,19,31.6,20,21,95.2,15,31,46,16,13,3,3,16,-20
CHI,CHI vs. CHA,10/24/2018,W,48,112,37,77,48.1,10,29,34.5,28,35,80,9,36,45,21,14,4,5,24,2
MEM,MEM @ SAC,10/24/2018,L,48,92,36,94,38.3,10,37,27,10,13,76.9,13,36,49,18,15,7,6,25,-5
CHA,CHA @ CHI,10/24/2018,L,48,110,37,85,43.5,10,35,28.6,26,29,89.7,8,28,36,23,8,5,5,20,-2
DAL,DAL @ ATL,10/24/2018,L,48,104,38,91,41.8,12,40,30,16,26,61.5,9,43,52,25,17,7,9,27,-7
HOU,HOU vs. UTA,10/24/2018,L,48,89,35,87,40.2,11,40,27.5,8,14,57.1,10,25,35,16,17,12,5,23,-11
MIL,MIL vs. PHI,10/24/2018,W,48,123,41,100,41,13,43,30.2,28,30,93.3,9,42,51,24,11,7,10,27,15
SAC,SAC @ DEN,10/23/2018,L,48,112,45,86,52.3,13,31,41.9,9,20,45,9,30,39,29,16,7,6,17,-14
DEN,DEN vs. SAC,10/23/2018,W,48,126,51,99,51.5,11,30,36.7,13,15,86.7,15,34,49,31,12,11,3,22,14
LAC,LAC @ NOP,10/23/2018,L,48,109,41,87,47.1,5,20,25,22,27,81.5,9,38,47,18,17,5,4,26,-7
DET,DET vs. PHI,10/23/2018,W,53,133,51,108,47.2,12,33,36.4,19,27,70.4,12,34,46,22,8,4,4,24,1
PHI,PHI @ DET,10/23/2018,L,53,132,49,98,50,14,43,32.6,20,28,71.4,8,40,48,32,11,3,8,24,-1
NOP,NOP vs. LAC,10/23/2018,W,48,116,40,93,43,6,24,25,30,40,75,12,36,48,22,8,12,8,24,7
MEM,MEM @ UTA,10/22/2018,W,48,92,31,84,36.9,9,28,32.1,21,26,80.8,7,36,43,18,11,10,2,22,8
POR,POR vs. WAS,10/22/2018,L,53,124,43,108,39.8,11,39,28.2,27,31,87.1,17,53,70,22,20,6,4,22,-1
PHX,PHX @ GSW,10/22/2018,L,48,103,39,86,45.3,9,34,26.5,16,18,88.9,12,33,45,24,21,8,1,21,-20
ORL,ORL @ BOS,10/22/2018,W,48,93,38,93,40.9,10,35,28.6,7,10,70,8,41,49,28,9,6,2,15,3
LAL,LAL vs. SAS,10/22/2018,L,53,142,55,107,51.4,14,39,35.9,18,26,69.2,13,39,52,33,15,5,6,29,-1
SAS,SAS @ LAL,10/22/2018,W,53,143,50,97,51.5,15,28,53.6,28,38,73.7,10,37,47,32,9,9,3,26,1
CHA,CHA @ TOR,10/22/2018,L,48,106,41,97,42.3,9,28,32.1,15,18,83.3,14,27,41,21,12,5,5,14,-21
CHI,CHI @ DAL,10/22/2018,L,48,109,41,80,51.3,13,23,56.5,14,21,66.7,7,27,34,18,19,6,4,29,-6
MIL,MIL vs. NYK,10/22/2018,W,48,124,45,96,46.9,17,40,42.5,17,24,70.8,19,36,55,27,15,5,9,18,11
WAS,WAS @ POR,10/22/2018,W,53,125,46,110,41.8,15,37,40.5,18,26,69.2,12,42,54,23,10,6,7,27,1
MIN,MIN vs. IND,10/22/2018,W,48,101,36,85,42.4,7,33,21.2,22,24,91.7,8,39,47,24,15,9,12,17,10
IND,IND @ MIN,10/22/2018,L,48,91,36,92,39.1,8,26,30.8,11,16,68.8,12,33,45,18,15,6,6,24,-10
TOR,TOR vs. CHA,10/22/2018,W,48,127,50,87,57.5,15,39,38.5,12,14,85.7,5,41,46,36,15,10,8,21,21
BOS,BOS vs. ORL,10/22/2018,L,48,90,37,91,40.7,9,40,22.5,7,9,77.8,9,42,51,21,12,6,3,15,-3
DAL,DAL vs. CHI,10/22/2018,W,48,115,40,93,43,15,47,31.9,20,21,95.2,13,28,41,25,16,8,2,16,6
GSW,GSW vs. PHX,10/22/2018,W,48,123,45,88,51.1,14,37,37.8,19,26,73.1,7,33,40,35,14,12,4,24,20
UTA,UTA vs. MEM,10/22/2018,L,48,84,29,82,35.4,8,32,25,18,23,78.3,10,40,50,18,15,6,6,22,-8
NYK,NYK @ MIL,10/22/2018,L,48,113,45,99,45.5,10,29,34.5,13,15,86.7,11,32,43,22,12,6,2,21,-11
HOU,HOU @ LAC,10/21/2018,L,48,112,43,89,48.3,15,35,42.9,11,15,73.3,6,29,35,28,12,6,6,23,-3
DEN,DEN vs. GSW,10/21/2018,W,48,100,35,86,40.7,6,32,18.8,24,42,57.1,13,34,47,21,10,11,4,22,2
CLE,CLE vs. ATL,10/21/2018,L,48,111,46,99,46.5,10,27,37,9,14,64.3,15,34,49,23,18,5,2,25,-22
OKC,OKC vs. SAC,10/21/2018,L,48,120,46,104,44.2,9,39,23.1,19,30,63.3,18,33,51,23,18,11,9,29,-11
LAC,LAC vs. HOU,10/21/2018,W,48,115,42,89,47.2,5,25,20,26,26,100,12,37,49,22,13,8,7,16,3
ATL,ATL @ CLE,10/21/2018,W,48,133,48,98,49,22,47,46.8,15,19,78.9,9,35,44,32,12,9,7,21,22
GSW,GSW @ DEN,10/21/2018,L,48,98,36,79,45.6,7,29,24.1,19,24,79.2,6,34,40,22,19,4,6,29,-2
SAC,SAC @ OKC,10/21/2018,W,48,131,50,91,54.9,10,22,45.5,21,28,75,12,34,46,28,20,11,7,26,11
PHI,PHI vs. ORL,10/20/2018,W,48,116,45,94,47.9,17,33,51.5,9,10,90,13,33,46,33,10,8,3,21,1
DEN,DEN vs. PHX,10/20/2018,W,48,119,43,85,50.6,9,28,32.1,24,29,82.8,9,45,54,28,18,12,6,31,28
BOS,BOS @ NYK,10/20/2018,W,48,103,33,82,40.2,9,25,36,28,33,84.8,11,36,47,21,15,8,2,26,2
HOU,HOU @ LAL,10/20/2018,W,48,124,44,96,45.8,16,42,38.1,20,30,66.7,13,41,54,22,18,7,4,21,9
BKN,BKN @ IND,10/20/2018,L,48,112,41,86,47.7,16,37,43.2,14,22,63.6,9,31,40,25,20,6,6,18,-20
LAL,LAL vs. HOU,10/20/2018,L,48,115,48,100,48,8,32,25,11,18,61.1,9,35,44,28,11,8,10,21,-9
CHA,CHA @ MIA,10/20/2018,W,48,113,41,93,44.1,16,42,38.1,15,23,65.2,12,28,40,23,12,6,12,27,1
PHX,PHX @ DEN,10/20/2018,L,48,91,29,77,37.7,11,39,28.2,22,35,62.9,10,30,40,20,19,6,4,26,-28
MIN,MIN @ DAL,10/20/2018,L,48,136,44,84,52.4,14,27,51.9,34,40,85,6,27,33,23,17,10,3,30,-4
DET,DET @ CHI,10/20/2018,W,48,118,41,101,40.6,18,40,45,18,23,78.3,18,31,49,21,10,4,4,23,2
MIA,MIA vs. CHA,10/20/2018,L,48,112,41,89,46.1,11,34,32.4,19,27,70.4,12,37,49,21,16,4,11,27,-1
DAL,DAL vs. MIN,10/20/2018,W,48,140,49,98,50,17,50,34,25,34,73.5,15,27,42,29,16,8,8,28,4
CHI,CHI vs. DET,10/20/2018,L,48,116,44,87,50.6,7,21,33.3,21,26,80.8,5,36,41,26,11,4,3,20,-2
SAS,SAS @ POR,10/20/2018,L,48,108,42,100,42,13,30,43.3,11,14,78.6,15,25,40,29,6,5,4,17,-13
NYK,NYK vs. BOS,10/20/2018,L,48,101,36,87,41.4,12,35,34.3,17,27,63,11,35,46,23,16,8,1,25,-2
TOR,TOR @ WAS,10/20/2018,W,48,117,39,88,44.3,10,29,34.5,29,36,80.6,14,38,52,21,17,5,5,29,4
WAS,WAS vs. TOR,10/20/2018,L,48,113,37,89,41.6,13,39,33.3,26,32,81.3,9,28,37,20,11,11,9,27,-4
ORL,ORL @ PHI,10/20/2018,L,48,115,41,90,45.6,16,29,55.2,17,22,77.3,14,35,49,31,16,7,7,15,-1
IND,IND vs. BKN,10/20/2018,W,48,132,51,92,55.4,16,24,66.7,14,22,63.6,10,30,40,21,11,12,5,18,20
POR,POR vs. SAS,10/20/2018,W,48,121,45,84,53.6,15,32,46.9,16,19,84.2,8,38,46,24,12,5,3,14,13
MEM,MEM vs. ATL,10/19/2018,W,48,131,44,81,54.3,13,26,50,30,43,69.8,7,34,41,32,17,9,4,29,14
BKN,BKN vs. NYK,10/19/2018,W,48,107,37,75,49.3,12,30,40,21,24,87.5,12,43,55,22,22,2,6,23,2
GSW,GSW @ UTA,10/19/2018,W,48,124,49,87,56.3,10,19,52.6,16,18,88.9,8,35,43,27,16,10,6,23,1
ORL,ORL vs. CHA,10/19/2018,L,48,88,36,94,38.3,6,31,19.4,10,14,71.4,12,32,44,18,18,8,7,16,-32
SAC,SAC @ NOP,10/19/2018,L,48,129,50,96,52.1,10,25,40,19,26,73.1,9,30,39,24,13,6,2,26,-20
MIN,MIN vs. CLE,10/19/2018,W,48,131,44,87,50.6,10,25,40,33,35,94.3,9,31,40,28,14,9,7,21,8
CHA,CHA @ ORL,10/19/2018,W,48,120,43,92,46.7,17,38,44.7,17,20,85,12,43,55,32,16,6,4,17,32
TOR,TOR vs. BOS,10/19/2018,W,48,113,43,92,46.7,13,35,37.1,14,19,73.7,12,37,49,24,13,3,3,19,12
NYK,NYK @ BKN,10/19/2018,L,48,105,39,97,40.2,9,28,32.1,18,20,90,12,24,36,14,3,10,1,19,-2
BOS,BOS @ TOR,10/19/2018,L,48,101,40,99,40.4,14,36,38.9,7,10,70,16,33,49,29,16,4,6,27,-12
LAC,LAC vs. OKC,10/19/2018,W,48,108,35,81,43.2,11,26,42.3,27,36,75,10,38,48,21,15,3,3,24,16
ATL,ATL @ MEM,10/19/2018,L,48,117,41,83,49.4,14,30,46.7,21,36,58.3,11,29,40,27,19,9,5,31,-14
CLE,CLE @ MIN,10/19/2018,L,48,123,45,93,48.4,8,23,34.8,25,29,86.2,13,30,43,26,14,5,2,24,-8
OKC,OKC @ LAC,10/19/2018,L,48,92,34,95,35.8,7,33,21.2,17,23,73.9,15,37,52,18,13,5,4,29,-16
UTA,UTA vs. GSW,10/19/2018,L,48,123,40,89,44.9,19,46,41.3,24,29,82.8,10,28,38,24,17,11,4,19,-1
IND,IND @ MIL,10/19/2018,L,48,101,38,87,43.7,6,18,33.3,19,27,70.4,9,32,41,14,17,7,3,25,-17
NOP,NOP vs. SAC,10/19/2018,W,48,149,56,95,58.9,16,31,51.6,21,33,63.6,12,40,52,35,16,6,4,25,20
MIL,MIL vs. IND,10/19/2018,W,48,118,44,93,47.3,17,46,37,13,21,61.9,11,39,50,27,17,9,8,26,17
MIA,MIA @ WAS,10/18/2018,W,48,113,38,97,39.2,12,35,34.3,25,34,73.5,22,33,55,25,19,6,5,26,1
CHI,CHI @ PHI,10/18/2018,L,48,108,44,101,43.6,11,33,33.3,9,12,75,5,34,39,28,12,4,6,23,-19
WAS,WAS vs. MIA,10/18/2018,L,48,112,38,81,46.9,7,26,26.9,29,39,74.4,7,33,40,19,14,7,15,31,-1
POR,POR vs. LAL,10/18/2018,W,48,128,44,100,44,13,37,35.1,27,29,93.1,14,40,54,21,17,9,10,26,9
PHI,PHI vs. CHI,10/18/2018,W,48,127,44,93,47.3,12,36,33.3,27,30,90,11,44,55,30,13,10,8,17,19
LAL,LAL @ POR,10/18/2018,L,48,119,45,93,48.4,7,30,23.3,22,29,75.9,8,38,46,23,15,10,6,26,-9
BKN,BKN @ DET,10/17/2018,L,48,100,40,82,48.8,5,27,18.5,15,22,68.2,5,34,39,28,19,9,5,23,-3
MEM,MEM @ IND,10/17/2018,L,48,83,25,84,29.8,10,29,34.5,23,28,82.1,7,21,28,16,10,11,3,18,-28
DET,DET vs. BKN,10/17/2018,W,48,103,39,92,42.4,6,24,25,19,22,86.4,14,32,46,21,17,5,5,20,3
SAS,SAS vs. MIN,10/17/2018,W,48,112,40,93,43,11,25,44,21,29,72.4,19,33,52,22,12,3,4,22,4
MIN,MIN @ SAS,10/17/2018,L,48,108,39,91,42.9,6,19,31.6,24,27,88.9,14,32,46,20,11,9,2,27,-4
DEN,DEN @ LAC,10/17/2018,W,48,107,33,87,37.9,8,24,33.3,33,42,78.6,14,42,56,20,11,6,9,22,9
SAC,SAC vs. UTA,10/17/2018,L,48,117,49,95,51.6,7,19,36.8,12,18,66.7,5,32,37,17,9,8,3,27,-6
NOP,NOP @ HOU,10/17/2018,W,48,131,52,98,53.1,10,25,40,17,22,77.3,14,40,54,36,12,8,3,25,19
NYK,NYK vs. ATL,10/17/2018,W,48,126,45,99,45.5,12,33,36.4,24,31,77.4,10,36,46,21,16,12,6,23,19
IND,IND vs. MEM,10/17/2018,W,48,111,47,83,56.6,10,26,38.5,7,13,53.8,13,44,57,29,20,2,7,24,28
HOU,HOU vs. NOP,10/17/2018,L,48,112,39,92,42.4,16,48,33.3,18,24,75,8,29,37,21,12,8,7,22,-19
MIL,MIL @ CHA,10/17/2018,W,48,113,42,85,49.4,14,34,41.2,15,20,75,11,46,57,26,21,5,4,25,1
ATL,ATL @ NYK,10/17/2018,L,48,107,41,90,45.6,10,36,27.8,15,18,83.3,7,38,45,19,24,7,3,30,-19
DAL,DAL @ PHX,10/17/2018,L,48,100,38,88,43.2,10,33,30.3,14,20,70,10,28,38,28,9,7,5,16,-21
CHA,CHA vs. MIL,10/17/2018,L,48,112,41,92,44.6,16,38,42.1,14,22,63.6,9,32,41,21,11,8,9,19,-1
ORL,ORL vs. MIA,10/17/2018,W,48,104,39,94,41.5,7,25,28,19,31,61.3,14,37,51,20,12,7,7,25,3
CLE,CLE @ TOR,10/17/2018,L,48,104,34,85,40,7,19,36.8,29,39,74.4,14,35,49,17,16,4,0,25,-12
TOR,TOR vs. CLE,10/17/2018,W,48,116,45,92,48.9,14,33,42.4,12,20,60,8,35,43,21,10,6,7,29,12
MIA,MIA @ ORL,10/17/2018,L,48,101,38,97,39.2,9,33,27.3,16,22,72.7,14,38,52,16,17,4,5,28,-3
UTA,UTA @ SAC,10/17/2018,W,48,123,41,79,51.9,13,27,48.1,28,38,73.7,5,39,44,21,17,8,4,19,6
LAC,LAC vs. DEN,10/17/2018,L,48,98,35,88,39.8,8,28,28.6,20,24,83.3,9,38,47,21,14,3,9,32,-9
PHX,PHX vs. DAL,10/17/2018,W,48,121,44,81,54.3,19,34,55.9,14,16,87.5,6,38,44,35,12,5,2,22,21
OKC,OKC @ GSW,10/16/2018,L,48,100,33,91,36.3,10,37,27,24,37,64.9,16,29,45,21,15,12,6,21,-8
BOS,BOS vs. PHI,10/16/2018,W,48,105,42,97,43.3,11,37,29.7,10,14,71.4,12,43,55,21,15,7,5,20,18
PHI,PHI @ BOS,10/16/2018,L,48,87,34,87,39.1,5,26,19.2,14,23,60.9,6,41,47,18,16,8,5,20,-18
GSW,GSW vs. OKC,10/16/2018,W,48,108,42,95,44.2,7,26,26.9,17,18,94.4,17,41,58,28,21,7,7,29,8